-- phpMyAdmin SQL Dump
-- version 4.4.14
-- http://www.phpmyadmin.net
--
-- Host: 127.0.0.1
-- Generation Time: Feb 16, 2017 at 08:00 PM
-- Server version: 5.6.26
-- PHP Version: 5.5.28

SET SQL_MODE = "NO_AUTO_VALUE_ON_ZERO";
SET time_zone = "+00:00";


/*!40101 SET @OLD_CHARACTER_SET_CLIENT=@@CHARACTER_SET_CLIENT */;
/*!40101 SET @OLD_CHARACTER_SET_RESULTS=@@CHARACTER_SET_RESULTS */;
/*!40101 SET @OLD_COLLATION_CONNECTION=@@COLLATION_CONNECTION */;
/*!40101 SET NAMES utf8mb4 */;

--
-- Database: `onlinecourse`
--

-- --------------------------------------------------------

--
-- Table structure for table `admin`
--

CREATE TABLE IF NOT EXISTS `admin` (
  `id` int(11) NOT NULL,
  `username` varchar(255) NOT NULL,
  `password` varchar(255) NOT NULL,
  `creationDate` timestamp NOT NULL DEFAULT CURRENT_TIMESTAMP,
  `updationDate` varchar(255) NOT NULL
) ENGINE=InnoDB AUTO_INCREMENT=2 DEFAULT CHARSET=latin1;

--
-- Dumping data for table `admin`
--

INSERT INTO `admin` (`id`, `username`, `password`, `creationDate`, `updationDate`) VALUES
(1, 'admin', '5c428d8875d2948607f3e3fe134d71b4', '2017-01-24 16:21:18', '09-02-2017 11:33:39 PM');

-- --------------------------------------------------------

--
-- Table structure for table `course`
--

CREATE TABLE IF NOT EXISTS `course` (
  `id` int(11) NOT NULL,
  `courseCode` varchar(255) NOT NULL,
  `courseName` varchar(255) NOT NULL,
  `courseUnit` varchar(255) NOT NULL,
  `noofSeats` int(11) NOT NULL,
  `creationDate` timestamp NOT NULL DEFAULT CURRENT_TIMESTAMP,
  `updationDate` varchar(255) NOT NULL
) ENGINE=InnoDB AUTO_INCREMENT=5 DEFAULT CHARSET=latin1;

--
-- Dumping data for table `course`
--

INSERT INTO `course` (`id`, `courseCode`, `courseName`, `courseUnit`, `noofSeats`, `creationDate`, `updationDate`) VALUES
(1, 'PHP01', 'Core PHP', '1-5', 0, '2017-02-11 17:39:10', ''),
(2, 'WP01', 'Wordpress', '1-6', 1, '2017-02-11 17:52:25', '12-02-2017 12:23:35 AM'),
(4, 'MYSQL001', 'MYSQL', '1-8', 10, '2017-02-11 18:47:25', '');

-- --------------------------------------------------------

--
-- Table structure for table `courseenrolls`
--

CREATE TABLE IF NOT EXISTS `courseenrolls` (
  `id` int(11) NOT NULL,
  `studentRegno` varchar(255) NOT NULL,
  `pincode` varchar(255) NOT NULL,
  `session` int(11) NOT NULL,
  `department` int(11) NOT NULL,
  `level` int(11) NOT NULL,
  `semester` int(11) NOT NULL,
  `course` int(11) NOT NULL,
  `enrollDate` timestamp NOT NULL DEFAULT CURRENT_TIMESTAMP
) ENGINE=InnoDB AUTO_INCREMENT=4 DEFAULT CHARSET=latin1;

--
-- Dumping data for table `courseenrolls`
--

INSERT INTO `courseenrolls` (`id`, `studentRegno`, `pincode`, `session`, `department`, `level`, `semester`, `course`, `enrollDate`) VALUES
(1, '10806121', '715948', 1, 2, 6, 4, 1, '2017-02-11 22:02:59'),
(2, '10806121', '715948', 2, 3, 7, 3, 4, '2017-02-11 22:55:19'),
(3, '10806121', '715948', 2, 5, 7, 4, 2, '2017-02-11 23:30:57');

-- --------------------------------------------------------

--
-- Table structure for table `department`
--

CREATE TABLE IF NOT EXISTS `department` (
  `id` int(11) NOT NULL,
  `department` varchar(255) NOT NULL,
  `creationDate` timestamp NOT NULL DEFAULT CURRENT_TIMESTAMP
) ENGINE=InnoDB AUTO_INCREMENT=7 DEFAULT CHARSET=latin1;

--
-- Dumping data for table `department`
--

INSERT INTO `department` (`id`, `department`, `creationDate`) VALUES
(1, 'Account', '2017-02-09 18:52:00'),
(2, 'HR', '2017-02-09 18:52:04'),
(3, 'Admin', '2017-02-09 18:52:08'),
(5, 'Test', '2017-02-09 18:55:08'),
(6, '', '2017-02-11 17:37:00');

-- --------------------------------------------------------

--
-- Table structure for table `level`
--

CREATE TABLE IF NOT EXISTS `level` (
  `id` int(11) NOT NULL,
  `level` varchar(255) NOT NULL,
  `creationDate` timestamp NOT NULL DEFAULT CURRENT_TIMESTAMP
) ENGINE=InnoDB AUTO_INCREMENT=8 DEFAULT CHARSET=latin1;

--
-- Dumping data for table `level`
--

INSERT INTO `level` (`id`, `level`, `creationDate`) VALUES
(5, 'Level 1', '2017-02-09 19:04:04'),
(6, 'level 2', '2017-02-09 19:04:12'),
(7, 'level 4', '2017-02-09 19:04:17');

-- --------------------------------------------------------

--
-- Table structure for table `semester`
--

CREATE TABLE IF NOT EXISTS `semester` (
  `id` int(11) NOT NULL,
  `semester` varchar(255) NOT NULL,
  `creationDate` timestamp NOT NULL DEFAULT CURRENT_TIMESTAMP,
  `updationDate` varchar(255) NOT NULL
) ENGINE=InnoDB AUTO_INCREMENT=6 DEFAULT CHARSET=latin1;

--
-- Dumping data for table `semester`
--

INSERT INTO `semester` (`id`, `semester`, `creationDate`, `updationDate`) VALUES
(3, 'First Sem', '2017-02-09 18:47:14', ''),
(4, 'Second sem', '2017-02-09 18:47:59', ''),
(5, 'Third Sem', '2017-02-09 18:48:04', '');

-- --------------------------------------------------------

--
-- Table structure for table `session`
--

CREATE TABLE IF NOT EXISTS `session` (
  `id` int(11) NOT NULL,
  `session` varchar(255) NOT NULL,
  `creationDate` timestamp NOT NULL DEFAULT CURRENT_TIMESTAMP
) ENGINE=InnoDB AUTO_INCREMENT=3 DEFAULT CHARSET=latin1;

--
-- Dumping data for table `session`
--

INSERT INTO `session` (`id`, `session`, `creationDate`) VALUES
(1, '2015', '2017-02-09 18:16:51'),
(2, '2016', '2017-02-09 18:27:41');

-- --------------------------------------------------------

--
-- Table structure for table `students`
--

CREATE TABLE IF NOT EXISTS `students` (
  `StudentRegno` varchar(255) NOT NULL,
  `studentPhoto` varchar(255) DEFAULT NULL,
  `password` varchar(255) NOT NULL,
  `studentName` varchar(255) NOT NULL,
  `pincode` varchar(255) NOT NULL,
  `session` varchar(255) NOT NULL,
  `department` varchar(255) NOT NULL,
  `semester` varchar(255) NOT NULL,
  `cgpa` decimal(10,2) NOT NULL,
  `creationdate` timestamp NOT NULL DEFAULT CURRENT_TIMESTAMP,
  `updationDate` varchar(255) NOT NULL
) ENGINE=InnoDB DEFAULT CHARSET=latin1;

--
-- Dumping data for table `students`
--

INSERT INTO `students` (`StudentRegno`, `studentPhoto`, `password`, `studentName`, `pincode`, `session`, `department`, `semester`, `cgpa`, `creationdate`, `updationDate`) VALUES
('10806121', '', '5c428d8875d2948607f3e3fe134d71b4', 'Code-Projects', '715948', '', '', '', '7.20', '2017-02-11 19:38:32', '12-02-2017 02:27:57 AM'),
('125966', '', 'f925916e2754e5e03f75dd58a5733251', 'Test user', '385864', '', '', '', '0.00', '2017-02-11 19:48:03', '');

-- --------------------------------------------------------

--
-- Table structure for table `userlog`
--

CREATE TABLE IF NOT EXISTS `userlog` (
  `id` int(11) NOT NULL,
  `studentRegno` varchar(255) NOT NULL,
  `userip` binary(16) NOT NULL,
  `loginTime` timestamp NOT NULL DEFAULT CURRENT_TIMESTAMP,
  `logout` varchar(255) NOT NULL,
  `status` int(11) NOT NULL
) ENGINE=InnoDB AUTO_INCREMENT=14 DEFAULT CHARSET=latin1;

--
-- Dumping data for table `userlog`
--

INSERT INTO `userlog` (`id`, `studentRegno`, `userip`, `loginTime`, `logout`, `status`) VALUES
(1, '10806121', 0x3a3a3100000000000000000000000000, '2017-02-11 20:05:58', '', 1),
(2, '10806121', 0x3a3a3100000000000000000000000000, '2017-02-11 20:07:18', '', 1),
(3, '10806121', 0x3a3a3100000000000000000000000000, '2017-02-11 20:08:46', '', 1),
(4, '10806121', 0x3a3a3100000000000000000000000000, '2017-02-11 20:26:15', '', 1),
(5, '10806121', 0x3a3a3100000000000000000000000000, '2017-02-11 20:27:11', '', 1),
(6, '10806121', 0x3a3a3100000000000000000000000000, '2017-02-11 20:28:19', '', 1),
(7, '10806121', 0x3a3a3100000000000000000000000000, '2017-02-11 20:29:30', '', 1),
(8, '10806121', 0x3a3a3100000000000000000000000000, '2017-02-11 20:30:39', '12-02-2017 02:00:40 AM', 1),
(9, '10806121', 0x3a3a3100000000000000000000000000, '2017-02-11 20:32:12', '12-02-2017 02:21:40 AM', 1),
(10, '10806121', 0x3a3a3100000000000000000000000000, '2017-02-11 20:51:50', '12-02-2017 05:14:45 AM', 1),
(11, '10806121', 0x3a3a3100000000000000000000000000, '2017-02-12 05:41:24', '12-02-2017 11:49:58 AM', 1),
(12, '10806121', 0x3a3a3100000000000000000000000000, '2017-02-12 06:20:05', '', 1),
(13, '10806121', 0x3a3a3100000000000000000000000000, '2017-02-12 06:20:23', '12-02-2017 12:09:59 PM', 1);

--
-- Indexes for dumped tables
--

--
-- Indexes for table `admin`
--
ALTER TABLE `admin`
  ADD PRIMARY KEY (`id`);

--
-- Indexes for table `course`
--
ALTER TABLE `course`
  ADD PRIMARY KEY (`id`);

--
-- Indexes for table `courseenrolls`
--
ALTER TABLE `courseenrolls`
  ADD PRIMARY KEY (`id`);

--
-- Indexes for table `department`
--
ALTER TABLE `department`
  ADD PRIMARY KEY (`id`);

--
-- Indexes for table `level`
--
ALTER TABLE `level`
  ADD PRIMARY KEY (`id`);

--
-- Indexes for table `semester`
--
ALTER TABLE `semester`
  ADD PRIMARY KEY (`id`);

--
-- Indexes for table `session`
--
ALTER TABLE `session`
  ADD PRIMARY KEY (`id`);

--
-- Indexes for table `students`
--
ALTER TABLE `students`
  ADD PRIMARY KEY (`StudentRegno`);

--
-- Indexes for table `userlog`
--
ALTER TABLE `userlog`
  ADD PRIMARY KEY (`id`);

--
-- AUTO_INCREMENT for dumped tables
--

--
-- AUTO_INCREMENT for table `admin`
--
ALTER TABLE `admin`
  MODIFY `id` int(11) NOT NULL AUTO_INCREMENT,AUTO_INCREMENT=2;
--
-- AUTO_INCREMENT for table `course`
--
ALTER TABLE `course`
  MODIFY `id` int(11) NOT NULL AUTO_INCREMENT,AUTO_INCREMENT=5;
--
-- AUTO_INCREMENT for table `courseenrolls`
--
ALTER TABLE `courseenrolls`
  MODIFY `id` int(11) NOT NULL AUTO_INCREMENT,AUTO_INCREMENT=4;
--
-- AUTO_INCREMENT for table `department`
--
ALTER TABLE `department`
  MODIFY `id` int(11) NOT NULL AUTO_INCREMENT,AUTO_INCREMENT=7;
--
-- AUTO_INCREMENT for table `level`
--
ALTER TABLE `level`
  MODIFY `id` int(11) NOT NULL AUTO_INCREMENT,AUTO_INCREMENT=8;
--
-- AUTO_INCREMENT for table `semester`
--
ALTER TABLE `semester`
  MODIFY `id` int(11) NOT NULL AUTO_INCREMENT,AUTO_INCREMENT=6;
--
-- AUTO_INCREMENT for table `session`
--
ALTER TABLE `session`
  MODIFY `id` int(11) NOT NULL AUTO_INCREMENT,AUTO_INCREMENT=3;
--
-- AUTO_INCREMENT for table `userlog`
--
ALTER TABLE `userlog`
  MODIFY `id` int(11) NOT NULL AUTO_INCREMENT,AUTO_INCREMENT=14;
/*!40101 SET CHARACTER_SET_CLIENT=@OLD_CHARACTER_SET_CLIENT */;
/*!40101 SET CHARACTER_SET_RESULTS=@OLD_CHARACTER_SET_RESULTS */;
/*!40101 SET COLLATION_CONNECTION=@OLD_COLLATION_CONNECTION */;
